VendorID,tpep_pickup_datetime,tpep_dropoff_datetime,passenger_count,trip_distance,RatecodeID,store_and_fwd_flag,PULocationID,DOLocationID,payment_type,fare_amount,extra,mta_tax,tip_amount,tolls_amount,improvement_surcharge,total_amount,congestion_surcharge,Airport_fee
2,2024-01-01 00:57:55,2024-01-01 01:17:43,1,1.72,1,N,186,79,2,17.7,1.0,0.5,0.0,0.0,1.0,22.7,2.5,0.0
1,2024-01-01 00:03:00,2024-01-01 00:09:36,1,1.8,1,N,140,236,1,10.0,3.5,0.5,3.75,0.0,1.0,18.75,2.5,0.0
1,2024-01-01 00:17:06,2024-01-01 00:35:01,1,4.7,1,N,236,79,1,23.3,3.5,0.5,3.0,0.0,1.0,31.3,2.5,0.0
1,2024-01-01 00:36:38,2024-01-01 00:44:56,1,1.4,1,N,79,211,1,10.0,3.5,0.5,2.0,0.0,1.0,17.0,2.5,0.0
1,2024-01-01 00:46:51,2024-01-01 00:52:57,1,0.8,1,N,211,148,1,7.9,3.5,0.5,3.2,0.0,1.0,16.1,2.5,0.0
1,2024-01-01 00:54:08,2024-01-01 01:26:31,1,4.7,1,N,148,141,1,29.6,3.5,0.5,6.9,0.0,1.0,41.5,2.5,0.0
2,2024-01-01 00:49:44,2024-01-01 01:15:47,2,10.82,1,N,138,181,1,45.7,6.0,0.5,10.0,0.0,1.0,64.95,0.0,1.75
1,2024-01-01 00:30:40,2024-01-01 00:58:40,0,3.0,1,N,246,231,2,25.4,3.5,0.5,0.0,0.0,1.0,30.4,2.5,0.0
2,2024-01-01 00:26:01,2024-01-01 00:54:12,1,5.44,1,N,161,261,2,31.0,1.0,0.5,0.0,0.0,1.0,36.0,2.5,0.0
2,2024-01-01 00:28:08,2024-01-01 00:29:16,1,0.04,1,N,113,113,2,3.0,1.0,0.5,0.0,0.0,1.0,8.0,2.5,0.0
2,2024-01-01 00:35:22,2024-01-01 00:41:41,2,0.75,1,N,107,137,1,7.9,1.0,0.5,0.0,0.0,1.0,12.9,2.5,0.0
1,2024-01-01 00:25:00,2024-01-01 00:34:03,2,1.2,1,N,158,246,1,14.9,3.5,0.5,3.95,0.0,1.0,23.85,2.5,0.0
1,2024-01-01 00:35:16,2024-01-01 01:11:52,2,8.2,1,N,246,190,1,59.0,3.5,0.5,14.15,6.94,1.0,85.09,2.5,0.0
1,2024-01-01 00:43:27,2024-01-01 00:47:11,2,0.4,1,N,68,90,1,5.8,3.5,0.5,1.25,0.0,1.0,12.05,2.5,0.0
1,2024-01-01 00:51:53,2024-01-01 00:55:43,1,0.8,1,N,90,68,2,6.5,3.5,0.5,0.0,0.0,1.0,11.5,2.5,0.0
1,2024-01-01 00:50:09,2024-01-01 01:03:57,1,5.0,1,N,132,216,2,21.2,2.75,0.5,0.0,0.0,1.0,25.45,0.0,1.75
1,2024-01-01 00:41:06,2024-01-01 00:53:42,1,1.5,1,N,164,79,1,12.8,3.5,0.5,4.45,0.0,1.0,22.25,2.5,0.0
2,2024-01-01 00:52:09,2024-01-01 00:52:28,1,0.0,1,N,237,237,2,3.0,1.0,0.5,0.0,0.0,1.0,8.0,2.5,0.0
2,2024-01-01 00:56:38,2024-01-01 01:03:17,1,1.5,1,N,141,263,1,9.3,1.0,0.5,3.0,0.0,1.0,17.3,2.5,0.0
2,2024-01-01 01:49:58,2024-01-01 01:56:14,2,0.99,1,N,107,90,1,7.9,1.0,0.5,2.0,0.0,1.0,14.9,2.5,0.0
2,2024-01-01 01:56:13,2024-01-01 02:12:24,1,1.68,1,N,161,233,1,14.9,1.0,0.5,4.97,0.0,1.0,24.87,2.5,0.0
2,2024-01-01 01:04:42,2024-01-01 01:13:17,2,3.04,1,N,244,243,1,14.9,1.0,0.5,1.0,0.0,1.0,18.4,0.0,0.0
2,2024-01-01 01:23:18,2024-01-01 01:42:12,2,6.75,1,N,244,18,1,30.3,1.0,0.5,7.0,0.0,1.0,39.8,0.0,0.0
2,2024-01-01 01:14:49,2024-01-01 01:22:23,3,1.11,1,N,234,114,1,9.3,1.0,0.5,3.0,0.0,1.0,17.3,2.5,0.0
2,2024-01-01 01:23:22,2024-01-01 01:46:50,2,4.76,1,N,114,140,1,25.4,1.0,0.5,6.08,0.0,1.0,36.48,2.5,0.0
1,2024-01-01 01:43:37,2024-01-01 01:54:10,1,2.0,1,N,163,236,1,10.7,3.5,0.5,3.95,0.0,1.0,19.65,2.5,0.0
1,2024-01-01 01:55:03,2024-01-01 02:06:02,1,1.8,1,N,263,239,1,11.4,3.5,0.5,3.28,0.0,1.0,19.68,2.5,0.0
2,2024-01-01 01:17:31,2024-01-01 01:37:40,1,3.53,1,N,238,229,1,21.2,1.0,0.5,5.24,0.0,1.0,31.44,2.5,0.0
2,2024-01-01 01:41:01,2024-01-01 01:55:37,1,1.64,1,N,229,170,1,14.2,1.0,0.5,3.84,0.0,1.0,23.04,2.5,0.0
2,2024-01-01 01:57:13,2024-01-01 02:11:27,1,3.05,1,N,170,236,1,17.0,1.0,0.5,1.0,0.0,1.0,23.0,2.5,0.0
2,2024-01-01 01:34:30,2024-01-01 02:02:40,1,19.59,1,N,132,33,1,72.3,1.0,0.5,14.96,0.0,1.0,91.51,0.0,1.75
2,2024-01-01 01:32:50,2024-01-01 02:19:03,1,5.8,1,N,246,41,1,41.5,1.0,0.5,9.3,0.0,1.0,55.8,2.5,0.0
2,2024-01-01 01:13:05,2024-01-01 01:19:35,2,2.06,1,N,140,233,2,11.4,1.0,0.5,0.0,0.0,1.0,16.4,2.5,0.0
2,2024-01-01 01:31:12,2024-01-01 01:35:31,2,0.75,1,N,162,233,4,-6.5,-1.0,-0.5,2.0,0.0,-1.0,-9.5,-2.5,0.0
2,2024-01-01 01:31:12,2024-01-01 01:35:31,2,0.75,1,N,162,233,4,6.5,1.0,0.5,2.0,0.0,1.0,13.5,2.5,0.0
2,2024-01-01 01:00:31,2024-01-01 01:16:16,2,1.72,1,N,170,90,1,14.9,1.0,0.5,5.0,0.0,1.0,24.9,2.5,0.0
2,2024-01-01 01:19:19,2024-01-01 01:25:44,2,0.51,1,N,90,249,1,7.2,1.0,0.5,2.0,0.0,1.0,14.2,2.5,0.0
2,2024-01-01 01:28:26,2024-01-01 01:35:48,2,1.5,1,N,249,107,1,9.3,1.0,0.5,2.57,0.0,1.0,16.87,2.5,0.0
2,2024-01-01 01:37:45,2024-01-01 02:08:46,2,3.71,1,N,107,142,2,27.5,1.0,0.5,0.0,0.0,1.0,32.5,2.5,0.0
1,2024-01-01 01:24:24,2024-01-01 01:56:00,1,2.8,1,N,246,161,2,25.4,3.5,0.5,0.0,0.0,1.0,30.4,2.5,0.0
2,2024-01-01 01:02:14,2024-01-01 01:08:14,3,1.3,1,N,141,229,1,7.9,1.0,0.5,1.94,0.0,1.0,14.84,2.5,0.0
2,2024-01-01 01:12:05,2024-01-01 01:21:08,1,1.03,1,N,229,161,1,10.0,1.0,0.5,2.25,0.0,1.0,17.25,2.5,0.0
2,2024-01-01 01:21:59,2024-01-01 01:34:01,3,2.52,1,N,161,238,1,14.9,1.0,0.5,3.98,0.0,1.0,23.88,2.5,0.0
2,2024-01-01 01:37:48,2024-01-01 01:46:25,1,1.54,1,N,239,263,1,11.4,1.0,0.5,3.0,0.0,1.0,19.4,2.5,0.0
1,2024-01-01 01:28:20,2024-01-01 01:41:40,1,4.8,1,N,33,79,1,21.2,3.5,0.5,5.2,0.0,1.0,31.4,2.5,0.0
1,2024-01-01 01:43:25,2024-01-01 02:18:02,1,9.1,1,N,79,166,1,43.6,3.5,0.5,14.55,0.0,1.0,63.15,2.5,0.0
1,2024-01-01 01:36:29,2024-01-01 02:06:13,6,21.0,2,N,132,243,1,70.0,1.75,0.5,5.0,6.94,1.0,85.19,0.0,1.75
2,2024-01-01 01:58:15,2024-01-01 02:13:14,1,3.72,1,N,229,151,1,19.1,1.0,0.5,6.03,0.0,1.0,30.13,2.5,0.0
2,2024-01-01 01:17:45,2024-01-01 01:26:27,1,2.09,1,N,238,237,1,12.1,1.0,0.5,2.56,0.0,1.0,19.66,2.5,0.0
2,2024-01-01 01:36:20,2024-01-01 02:00:43,3,3.34,1,N,161,144,1,23.3,1.0,0.5,5.66,0.0,1.0,33.96,2.5,0.0
2,2024-01-01 01:24:59,2024-01-01 01:37:37,1,1.9,1,N,209,158,1,13.5,1.0,0.5,1.0,0.0,1.0,19.5,2.5,0.0
2,2024-01-01 01:38:32,2024-01-01 02:21:32,3,3.14,1,N,158,142,1,35.9,1.0,0.5,8.18,0.0,1.0,49.08,2.5,0.0
2,2024-01-01 01:39:39,2024-01-01 01:59:02,2,3.49,1,N,249,87,1,20.5,1.0,0.5,5.1,0.0,1.0,30.6,2.5,0.0
2,2024-01-01 01:09:24,2024-01-01 01:28:52,1,1.89,1,N,68,137,1,17.0,1.0,0.5,3.0,0.0,1.0,25.0,2.5,0.0
2,2024-01-01 01:32:02,2024-01-01 01:43:55,1,1.78,1,N,107,79,1,12.8,1.0,0.5,3.56,0.0,1.0,21.36,2.5,0.0
2,2024-01-01 01:46:13,2024-01-01 01:52:53,1,0.89,1,N,79,113,1,7.9,1.0,0.5,2.58,0.0,1.0,15.48,2.5,0.0
2,2024-01-01 01:57:14,2024-01-01 02:01:53,1,0.69,1,N,113,79,1,6.5,1.0,0.5,1.72,0.0,1.0,13.22,2.5,0.0
2,2024-01-01 01:39:21,2024-01-01 01:58:19,2,3.08,1,N,151,141,1,19.8,1.0,0.5,1.0,0.0,1.0,25.8,2.5,0.0
2,2024-01-01 01:04:04,2024-01-01 01:25:43,1,3.22,1,N,141,79,1,21.9,1.0,0.5,3.0,0.0,1.0,29.9,2.5,0.0
2,2024-01-01 01:27:36,2024-01-01 01:42:43,1,3.84,1,N,79,87,1,20.5,1.0,0.5,5.1,0.0,1.0,30.6,2.5,0.0
2,2024-01-01 01:47:23,2024-01-01 02:05:48,1,5.59,1,N,45,170,1,28.2,1.0,0.5,0.0,0.0,1.0,33.2,2.5,0.0
1,2024-01-01 01:34:09,2024-01-01 01:52:43,1,3.9,1,N,163,112,1,21.2,3.5,0.5,1.0,0.0,1.0,27.2,2.5,0.0
1,2024-01-01 01:51:54,2024-01-01 01:59:54,1,2.5,1,N,229,263,1,12.8,3.5,0.5,3.55,0.0,1.0,21.35,2.5,0.0
2,2024-01-01 01:07:17,2024-01-01 01:20:22,1,6.68,1,N,262,87,1,26.8,1.0,0.5,6.36,0.0,1.0,38.16,2.5,0.0
2,2024-01-01 01:30:42,2024-01-01 01:40:25,1,1.34,1,N,137,90,1,10.7,1.0,0.5,3.14,0.0,1.0,18.84,2.5,0.0
2,2024-01-01 01:41:33,2024-01-01 01:58:37,1,3.08,1,N,90,87,1,18.4,1.0,0.5,4.68,0.0,1.0,28.08,2.5,0.0
2,2024-01-01 01:32:31,2024-01-01 01:58:40,1,3.26,1,N,140,234,1,23.3,1.0,0.5,5.66,0.0,1.0,33.96,2.5,0.0
2,2024-01-01 01:59:27,2024-01-01 02:24:31,2,9.28,1,N,87,7,1,38.7,1.0,0.5,10.93,0.0,1.0,54.63,2.5,0.0
2,2024-01-01 01:10:21,2024-01-01 01:24:05,1,1.53,1,N,186,158,1,12.8,1.0,0.5,3.56,0.0,1.0,21.36,2.5,0.0
2,2024-01-01 01:26:26,2024-01-01 01:28:50,1,0.86,1,N,249,90,1,5.8,1.0,0.5,1.62,0.0,1.0,12.42,2.5,0.0
2,2024-01-01 01:29:16,2024-01-01 01:44:11,1,1.18,1,N,90,164,1,13.5,1.0,0.5,3.7,0.0,1.0,22.2,2.5,0.0
2,2024-01-01 01:45:40,2024-01-01 02:08:53,1,1.88,1,N,164,246,1,19.8,1.0,0.5,2.0,0.0,1.0,26.8,2.5,0.0
2,2024-01-01 01:23:09,2024-01-01 01:53:17,1,4.12,1,N,163,249,1,28.2,1.0,0.5,2.11,0.0,1.0,35.31,2.5,0.0
2,2024-01-01 01:56:24,2024-01-01 02:16:13,1,2.96,1,N,249,162,1,19.1,1.0,0.5,4.82,0.0,1.0,28.92,2.5,0.0
2,2024-01-01 01:09:15,2024-01-01 01:21:50,2,2.58,1,N,143,236,1,15.6,1.0,0.5,4.12,0.0,1.0,24.72,2.5,0.0
2,2024-01-01 01:13:23,2024-01-01 01:45:12,1,9.02,1,N,142,33,1,42.2,1.0,0.5,9.44,0.0,1.0,56.64,2.5,0.0
2,2024-01-01 01:58:46,2024-01-01 02:09:06,2,1.63,1,N,148,107,1,11.4,1.0,0.5,3.28,0.0,1.0,19.68,2.5,0.0
2,2024-01-01 01:16:34,2024-01-01 01:16:40,1,0.0,5,N,41,41,1,50.0,0.0,0.0,10.2,0.0,1.0,61.2,0.0,0.0
2,2024-01-01 01:27:57,2024-01-01 01:41:58,2,3.35,1,N,151,140,1,17.7,1.0,0.5,4.54,0.0,1.0,27.24,2.5,0.0
1,2024-01-01 01:00:10,2024-01-01 01:04:10,1,1.1,1,N,238,239,1,7.2,3.5,0.5,1.0,0.0,1.0,13.2,2.5,0.0
1,2024-01-01 01:44:31,2024-01-01 01:49:14,1,1.0,1,N,148,79,1,6.5,3.5,0.5,1.0,0.0,1.0,12.5,2.5,0.0
2,2024-01-01 01:17:01,2024-01-01 01:29:34,2,1.26,1,N,237,229,1,12.1,1.0,0.5,1.71,0.0,1.0,18.81,2.5,0.0
2,2024-01-01 01:31:26,2024-01-01 01:59:59,1,12.63,1,N,170,14,1,50.6,1.0,0.5,0.0,0.0,1.0,55.6,2.5,0.0
2,2024-01-01 01:28:44,2024-01-01 01:41:20,1,4.32,1,N,107,87,1,19.8,1.0,0.5,4.0,0.0,1.0,28.8,2.5,0.0
2,2024-01-01 01:48:28,2024-01-01 02:13:21,1,6.98,1,N,87,43,1,33.1,1.0,0.5,7.62,0.0,1.0,45.72,2.5,0.0
2,2024-01-01 01:02:58,2024-01-01 01:34:09,1,5.31,1,N,79,239,2,31.0,1.0,0.5,0.0,0.0,1.0,36.0,2.5,0.0
2,2024-01-01 01:40:25,2024-01-01 01:52:23,2,2.06,1,N,239,246,1,13.5,1.0,0.5,2.5,0.0,1.0,21.0,2.5,0.0
2,2024-01-01 01:00:49,2024-01-01 01:01:40,1,0.24,1,N,141,140,4,-3.7,-1.0,-0.5,0.0,0.0,-1.0,-8.7,-2.5,0.0
2,2024-01-01 01:00:49,2024-01-01 01:01:40,1,0.24,1,N,141,193,4,3.7,1.0,0.5,0.0,0.0,1.0,8.7,2.5,0.0
2,2024-01-01 01:08:22,2024-01-01 01:28:25,2,7.06,1,N,263,231,1,31.7,1.0,0.5,3.67,0.0,1.0,40.37,2.5,0.0
2,2024-01-01 01:32:18,2024-01-01 01:52:36,1,8.14,1,N,231,75,1,35.2,1.0,0.5,3.0,0.0,1.0,43.2,2.5,0.0
2,2024-01-01 01:54:25,2024-01-01 02:03:19,3,1.52,1,N,75,151,1,10.7,1.0,0.5,5.0,0.0,1.0,18.2,0.0,0.0
2,2024-01-01 01:17:35,2024-01-01 01:23:32,1,0.73,1,N,164,234,1,7.2,1.0,0.5,1.2,0.0,1.0,13.4,2.5,0.0
2,2024-01-01 01:26:24,2024-01-01 01:37:24,2,1.6,1,N,234,162,2,11.4,1.0,0.5,0.0,0.0,1.0,16.4,2.5,0.0
2,2024-01-01 01:42:58,2024-01-01 01:50:56,1,2.6,1,N,237,137,2,12.8,1.0,0.5,0.0,0.0,1.0,17.8,2.5,0.0
2,2024-01-01 01:59:39,2024-01-01 02:14:11,1,3.72,1,N,79,140,1,19.1,1.0,0.5,4.82,0.0,1.0,28.92,2.5,0.0
1,2024-01-01 01:29:20,2024-01-01 01:33:11,1,1.1,1,N,141,162,1,6.5,3.5,0.5,2.3,0.0,1.0,13.8,2.5,0.0
1,2024-01-01 01:37:22,2024-01-01 01:47:38,1,1.8,1,N,170,163,1,12.1,3.5,0.5,3.4,0.0,1.0,20.5,2.5,0.0
1,2024-01-01 01:48:41,2024-01-01 01:57:19,1,1.6,1,N,163,143,1,10.7,3.5,0.5,3.9,0.0,1.0,19.6,2.5,0.0
2,2024-01-01 01:52:00,2024-01-01 01:52:11,1,0.0,1,N,66,66,4,-3.0,-1.0,-0.5,0.0,-60.0,-1.0,-65.5,0.0,0.0
2,2024-01-01 01:52:00,2024-01-01 01:52:11,1,0.0,1,N,66,66,4,3.0,1.0,0.5,0.0,60.0,1.0,65.5,0.0,0.0
2,2024-01-01 01:54:50,2024-01-01 02:16:45,1,5.79,1,N,66,164,1,29.6,1.0,0.5,5.19,0.0,1.0,39.79,2.5,0.0
2,2024-01-01 01:51:36,2024-01-01 01:57:03,1,1.16,1,N,141,75,1,7.9,1.0,0.5,3.87,0.0,1.0,16.77,2.5,0.0
2,2024-01-01 01:29:49,2024-01-01 01:33:23,1,0.37,1,N,144,144,2,5.1,1.0,0.5,0.0,0.0,1.0,10.1,2.5,0.0
2,2024-01-01 01:34:46,2024-01-01 01:42:23,1,0.77,1,N,144,211,1,8.6,1.0,0.5,2.72,0.0,1.0,16.32,2.5,0.0
2,2024-01-01 01:43:46,2024-01-01 02:02:01,1,2.14,1,N,211,249,1,17.0,1.0,0.5,3.3,0.0,1.0,25.3,2.5,0.0
2,2024-01-01 01:54:29,2024-01-01 01:58:21,1,1.25,1,N,239,237,1,7.2,1.0,0.5,2.44,0.0,1.0,14.64,2.5,0.0
1,2024-01-01 01:00:40,2024-01-01 01:10:35,1,1.4,1,N,79,90,1,10.7,3.5,0.5,4.7,0.0,1.0,20.4,2.5,0.0
1,2024-01-01 01:12:13,2024-01-01 01:36:07,2,4.8,1,N,90,87,1,28.2,3.5,0.5,1.0,0.0,1.0,34.2,2.5,0.0
1,2024-01-01 01:38:59,2024-01-01 01:47:40,2,2.7,1,N,87,79,1,14.2,3.5,0.5,1.0,0.0,1.0,20.2,2.5,0.0
1,2024-01-01 01:49:28,2024-01-01 02:29:25,1,6.1,1,N,79,239,1,39.4,3.5,0.5,8.88,0.0,1.0,53.28,2.5,0.0
1,2024-01-01 01:06:27,2024-01-01 01:39:08,1,4.9,1,N,48,211,1,31.0,3.5,0.5,9.0,0.0,1.0,45.0,2.5,0.0
1,2024-01-01 01:48:15,2024-01-01 02:22:22,1,7.2,1,N,114,24,1,37.3,3.5,0.5,8.45,0.0,1.0,50.75,2.5,0.0
2,2024-01-01 01:30:15,2024-01-01 01:36:55,1,1.01,1,N,231,87,1,8.6,1.0,0.5,2.72,0.0,1.0,16.32,2.5,0.0
2,2024-01-01 01:39:40,2024-01-01 01:58:30,1,6.05,5,N,209,163,1,60.0,0.0,0.0,12.7,0.0,1.0,76.2,2.5,0.0
2,2024-01-01 01:09:29,2024-01-01 01:21:17,4,1.2,1,N,234,68,2,11.4,1.0,0.5,0.0,0.0,1.0,16.4,2.5,0.0
2,2024-01-01 01:28:54,2024-01-01 01:54:06,2,3.78,1,N,68,33,2,24.7,1.0,0.5,0.0,0.0,1.0,29.7,2.5,0.0
2,2024-01-01 01:41:40,2024-01-01 02:08:24,1,5.52,1,N,48,13,1,29.6,1.0,0.5,5.0,0.0,1.0,39.6,2.5,0.0
2,2024-01-01 01:34:22,2024-01-01 01:55:45,1,15.67,4,N,132,265,2,66.7,1.0,0.5,0.0,0.0,1.0,70.95,0.0,1.75
2,2024-01-01 01:22:52,2024-01-01 01:30:52,2,1.25,1,N,232,231,2,10.0,1.0,0.5,0.0,0.0,1.0,15.0,2.5,0.0
2,2024-01-01 01:37:51,2024-01-01 01:41:13,3,0.95,1,N,125,249,1,6.5,1.0,0.5,2.3,0.0,1.0,13.8,2.5,0.0
2,2024-01-01 01:43:13,2024-01-01 02:13:23,2,4.54,1,N,249,236,2,30.3,1.0,0.5,0.0,0.0,1.0,35.3,2.5,0.0
2,2024-01-01 01:02:04,2024-01-01 01:11:59,1,2.36,1,N,166,236,1,13.5,1.0,0.5,3.7,0.0,1.0,22.2,2.5,0.0
2,2024-01-01 01:57:54,2024-01-01 02:05:28,1,1.51,1,N,239,236,1,10.0,1.0,0.5,3.0,0.0,1.0,18.0,2.5,0.0
2,2024-01-01 01:01:39,2024-01-01 01:36:35,2,3.77,1,N,79,237,1,30.3,1.0,0.5,7.06,0.0,1.0,42.36,2.5,0.0
2,2024-01-01 01:42:24,2024-01-01 01:55:20,2,2.42,1,N,43,140,1,14.9,1.0,0.5,3.98,0.0,1.0,23.88,2.5,0.0
2,2024-01-01 01:07:37,2024-01-01 01:20:51,2,1.84,1,N,148,137,1,13.5,1.0,0.5,3.7,0.0,1.0,22.2,2.5,0.0
2,2024-01-01 01:29:10,2024-01-01 01:43:00,1,2.22,1,N,79,162,1,14.2,1.0,0.5,3.84,0.0,1.0,23.04,2.5,0.0
2,2024-01-01 01:54:08,2024-01-01 02:01:49,1,1.69,1,N,162,141,1,10.0,1.0,0.5,0.0,0.0,1.0,15.0,2.5,0.0
2,2024-01-01 01:40:45,2024-01-01 02:09:35,1,9.62,1,N,256,238,1,42.9,1.0,0.5,11.97,0.0,1.0,59.87,2.5,0.0
2,2024-01-01 01:14:01,2024-01-01 01:41:25,1,3.6,1,N,113,141,1,24.7,1.0,0.5,5.94,0.0,1.0,35.64,2.5,0.0
2,2024-01-01 01:51:50,2024-01-01 01:59:28,1,0.99,1,N,229,141,1,8.6,1.0,0.5,2.72,0.0,1.0,16.32,2.5,0.0
2,2024-01-01 01:52:26,2024-01-01 02:13:27,1,1.9,1,N,50,186,1,19.1,1.0,0.5,4.82,0.0,1.0,28.92,2.5,0.0
2,2024-01-01 01:55:33,2024-01-01 02:21:50,1,12.22,1,N,87,6,2,-48.5,-1.0,-0.5,0.0,-20.82,-1.0,-74.32,-2.5,0.0
2,2024-01-01 01:55:33,2024-01-01 02:21:50,1,12.22,1,N,87,6,2,48.5,1.0,0.5,0.0,20.82,1.0,74.32,2.5,0.0
2,2024-01-01 00:59:13,2024-01-01 01:12:19,5,1.94,1,N,137,4,1,13.5,1.0,0.5,3.7,0.0,1.0,22.2,2.5,0.0
2,2024-01-01 01:30:50,2024-01-01 01:52:00,2,14.99,1,N,132,260,1,56.2,1.0,0.5,14.68,0.0,1.0,75.13,0.0,1.75
1,2024-01-01 01:05:31,2024-01-01 01:11:48,1,0.8,1,N,211,113,1,7.2,3.5,0.5,2.45,0.0,1.0,14.65,2.5,0.0
1,2024-01-01 01:17:07,2024-01-01 01:22:44,1,0.5,1,N,114,249,1,5.8,3.5,0.5,1.0,0.0,1.0,11.8,2.5,0.0
1,2024-01-01 01:23:02,2024-01-01 01:27:09,1,0.7,1,N,249,68,2,5.8,3.5,0.5,0.0,0.0,1.0,10.8,2.5,0.0
1,2024-01-01 01:47:22,2024-01-01 01:59:28,1,2.2,1,N,170,141,1,13.5,3.5,0.5,2.0,0.0,1.0,20.5,2.5,0.0
2,2024-01-01 01:11:15,2024-01-01 01:11:20,1,0.0,5,N,265,265,1,89.0,0.0,0.0,0.0,0.0,1.0,90.0,0.0,0.0
2,2024-01-01 01:50:41,2024-01-01 01:50:49,2,0.0,5,N,265,265,1,70.0,0.0,0.0,2.0,0.0,1.0,73.0,0.0,0.0
2,2024-01-01 01:15:53,2024-01-01 01:42:31,1,5.12,1,N,79,238,1,28.2,1.0,0.5,6.64,0.0,1.0,39.84,2.5,0.0
2,2024-01-01 01:53:59,2024-01-01 01:56:52,1,0.49,1,N,142,50,2,5.1,1.0,0.5,0.0,0.0,1.0,10.1,2.5,0.0
2,2024-01-01 01:18:32,2024-01-01 01:42:34,2,6.1,1,N,161,116,1,31.0,1.0,0.5,4.0,0.0,1.0,40.0,2.5,0.0
1,2024-01-01 01:42:31,2024-01-01 01:47:36,1,1.2,1,N,249,90,1,7.9,3.5,0.5,2.55,0.0,1.0,15.45,2.5,0.0
2,2024-01-01 01:15:34,2024-01-01 01:38:21,1,2.79,1,N,233,113,1,20.5,1.0,0.5,5.1,0.0,1.0,30.6,2.5,0.0
2,2024-01-01 01:41:22,2024-01-01 01:49:40,1,1.2,1,N,113,144,1,9.3,1.0,0.5,2.86,0.0,1.0,17.16,2.5,0.0
2,2024-01-01 01:52:15,2024-01-01 02:09:04,1,2.58,1,N,144,164,1,17.0,1.0,0.5,2.89,0.0,1.0,24.89,2.5,0.0
2,2024-01-01 01:09:48,2024-01-01 01:32:35,1,2.69,1,N,234,13,1,20.5,1.0,0.5,3.82,0.0,1.0,29.32,2.5,0.0
2,2024-01-01 01:34:44,2024-01-01 01:48:03,1,1.56,1,N,13,87,1,13.5,1.0,0.5,3.7,0.0,1.0,22.2,2.5,0.0
2,2024-01-01 01:49:32,2024-01-01 02:10:34,1,5.48,1,N,87,170,2,28.2,1.0,0.5,0.0,0.0,1.0,33.2,2.5,0.0
2,2024-01-01 01:04:45,2024-01-01 01:51:19,2,4.68,1,N,79,48,1,39.4,1.0,0.5,8.88,0.0,1.0,53.28,2.5,0.0
2,2024-01-01 01:54:59,2024-01-01 01:59:34,2,0.77,1,N,50,143,3,-6.5,-1.0,-0.5,0.0,0.0,-1.0,-11.5,-2.5,0.0
2,2024-01-01 01:54:59,2024-01-01 01:59:34,2,0.77,1,N,50,143,3,6.5,1.0,0.5,0.0,0.0,1.0,11.5,2.5,0.0
2,2024-01-01 01:25:34,2024-01-01 01:34:48,1,1.95,1,N,163,140,1,11.4,1.0,0.5,3.6,0.0,1.0,20.0,2.5,0.0
2,2024-01-01 01:45:27,2024-01-01 01:52:03,1,1.75,1,N,263,229,1,10.0,1.0,0.5,3.0,0.0,1.0,18.0,2.5,0.0
2,2024-01-01 01:54:32,2024-01-01 02:00:14,1,1.36,1,N,229,140,1,8.6,1.0,0.5,0.0,0.0,1.0,13.6,2.5,0.0
1,2024-01-01 01:16:31,2024-01-01 01:45:10,1,5.2,1,N,236,249,1,27.5,3.5,0.5,8.15,0.0,1.0,40.65,2.5,0.0
1,2024-01-01 01:48:29,2024-01-01 02:00:49,1,1.6,1,N,113,224,1,11.4,3.5,0.5,3.3,0.0,1.0,19.7,2.5,0.0
1,2024-01-01 01:09:39,2024-01-01 01:23:51,2,1.0,1,N,68,90,1,12.8,3.5,0.5,5.3,0.0,1.0,23.1,2.5,0.0
1,2024-01-01 01:28:03,2024-01-01 02:19:57,2,4.5,1,N,68,239,1,42.9,3.5,0.5,11.95,0.0,1.0,59.85,2.5,0.0
2,2024-01-01 01:18:45,2024-01-01 01:24:44,1,0.83,1,N,50,246,1,7.2,1.0,0.5,2.44,0.0,1.0,14.64,2.5,0.0
2,2024-01-01 01:27:53,2024-01-01 01:58:06,4,1.46,1,N,246,48,1,24.7,1.0,0.5,5.94,0.0,1.0,35.64,2.5,0.0
2,2024-01-01 01:58:53,2024-01-01 02:19:45,1,1.73,1,N,48,90,2,18.4,1.0,0.5,0.0,0.0,1.0,23.4,2.5,0.0
2,2024-01-01 01:21:12,2024-01-01 01:33:56,3,2.7,1,N,162,145,2,15.6,1.0,0.5,0.0,0.0,1.0,20.6,2.5,0.0
2,2024-01-01 01:36:34,2024-01-01 02:19:11,1,13.51,1,N,145,21,2,57.6,1.0,0.5,0.0,0.0,1.0,60.1,0.0,0.0
2,2024-01-01 01:05:54,2024-01-01 01:45:09,4,4.06,1,N,186,236,1,34.5,1.0,0.5,7.9,0.0,1.0,47.4,2.5,0.0
2,2024-01-01 01:49:34,2024-01-01 02:16:08,3,4.08,1,N,236,113,1,26.1,1.0,0.5,6.22,0.0,1.0,37.32,2.5,0.0
1,2024-01-01 01:23:23,2024-01-01 01:40:38,1,5.3,1,N,162,168,2,24.7,3.5,0.5,0.0,0.0,1.0,29.7,2.5,0.0
2,2024-01-01 01:06:01,2024-01-01 01:14:41,2,1.42,1,N,170,229,2,10.0,1.0,0.5,0.0,0.0,1.0,15.0,2.5,0.0
2,2024-01-01 01:43:58,2024-01-01 01:53:00,1,1.51,1,N,239,262,1,10.7,1.0,0.5,3.14,0.0,1.0,18.84,2.5,0.0
2,2024-01-01 01:56:57,2024-01-01 02:02:47,1,0.83,1,N,236,262,2,7.2,1.0,0.5,0.0,0.0,1.0,12.2,2.5,0.0
2,2024-01-01 01:05:34,2024-01-01 01:37:19,2,4.31,1,N,79,262,1,28.2,1.0,0.5,3.0,0.0,1.0,36.2,2.5,0.0
2,2024-01-01 01:46:07,2024-01-01 02:00:03,2,2.55,1,N,141,238,1,15.6,1.0,0.5,4.12,0.0,1.0,24.72,2.5,0.0
2,2024-01-01 01:47:04,2024-01-01 02:17:45,1,6.29,1,N,158,239,1,32.4,1.0,0.5,7.48,0.0,1.0,44.88,2.5,0.0
2,2024-01-01 01:04:02,2024-01-01 01:16:33,1,2.42,1,N,229,236,1,14.2,1.0,0.5,5.0,0.0,1.0,24.2,2.5,0.0
2,2024-01-01 01:19:53,2024-01-01 01:25:56,1,1.11,1,N,236,262,1,7.9,1.0,0.5,2.58,0.0,1.0,15.48,2.5,0.0
2,2024-01-01 01:43:58,2024-01-01 01:57:50,1,3.46,1,N,236,42,2,17.7,1.0,0.5,0.0,0.0,1.0,22.7,2.5,0.0
2,2024-01-01 01:06:37,2024-01-01 01:16:40,1,1.44,1,N,79,79,1,10.7,1.0,0.5,1.0,0.0,1.0,16.7,2.5,0.0
2,2024-01-01 01:20:22,2024-01-01 01:44:31,1,3.48,1,N,107,140,1,24.0,1.0,0.5,4.35,0.0,1.0,33.35,2.5,0.0
2,2024-01-01 01:50:02,2024-01-01 02:07:40,1,6.27,1,N,263,148,1,27.5,1.0,0.5,6.5,0.0,1.0,39.0,2.5,0.0
2,2024-01-01 01:45:25,2024-01-01 01:57:32,1,1.69,1,N,144,249,1,12.1,1.0,0.5,8.0,0.0,1.0,25.1,2.5,0.0
2,2024-01-01 01:59:06,2024-01-01 02:24:59,1,5.49,1,N,249,189,1,28.9,1.0,0.5,6.1,0.0,1.0,40.0,2.5,0.0
2,2024-01-01 01:03:17,2024-01-01 01:45:59,1,5.68,1,N,125,151,2,40.8,1.0,0.5,0.0,0.0,1.0,45.8,2.5,0.0
2,2024-01-01 01:55:52,2024-01-01 02:30:20,1,12.06,1,N,239,181,1,52.0,1.0,0.5,7.67,6.94,1.0,71.61,2.5,0.0
2,2024-01-01 01:25:32,2024-01-01 01:28:37,1,0.37,1,N,170,164,1,5.1,1.0,0.5,1.0,0.0,1.0,11.1,2.5,0.0
2,2024-01-01 01:30:35,2024-01-01 01:56:49,1,6.43,1,N,164,97,1,33.1,1.0,0.5,0.0,0.0,1.0,38.1,2.5,0.0
2,2024-01-01 01:57:46,2024-01-01 02:06:11,2,1.42,1,N,97,189,1,10.7,1.0,0.5,5.0,0.0,1.0,18.2,0.0,0.0
2,2024-01-01 01:09:22,2024-01-01 01:21:24,2,2.09,1,N,238,263,1,13.5,1.0,0.5,5.55,0.0,1.0,24.05,2.5,0.0
2,2024-01-01 01:35:34,2024-01-01 01:37:24,1,0.31,1,N,151,24,2,4.4,1.0,0.5,0.0,0.0,1.0,6.9,0.0,0.0
2,2024-01-01 01:27:53,2024-01-01 01:36:52,2,2.24,1,N,43,162,2,12.1,1.0,0.5,0.0,0.0,1.0,17.1,2.5,0.0
2,2024-01-01 01:47:26,2024-01-01 01:54:15,2,1.59,1,N,237,262,1,9.3,1.0,0.5,2.0,0.0,1.0,16.3,2.5,0.0
2,2024-01-01 01:31:01,2024-01-01 02:05:07,3,2.28,1,N,68,100,4,-28.2,-1.0,-0.5,0.0,0.0,-1.0,-33.2,-2.5,0.0
2,2024-01-01 01:31:01,2024-01-01 02:05:07,3,2.28,1,N,68,100,4,28.2,1.0,0.5,0.0,0.0,1.0,33.2,2.5,0.0
2,2024-01-01 01:00:26,2024-01-01 01:14:38,2,1.79,1,N,158,79,1,13.5,1.0,0.5,3.7,0.0,1.0,22.2,2.5,0.0
2,2024-01-01 01:17:32,2024-01-01 01:43:47,2,3.23,1,N,224,246,1,24.0,1.0,0.5,6.0,0.0,1.0,35.0,2.5,0.0
2,2024-01-01 01:45:11,2024-01-01 02:26:36,2,9.78,1,N,246,112,2,49.2,1.0,0.5,0.0,0.0,1.0,54.2,2.5,0.0
2,2024-01-01 01:41:58,2024-01-01 02:00:52,2,1.81,1,N,141,262,2,-17.7,-1.0,-0.5,0.0,0.0,-1.0,-22.7,-2.5,0.0
2,2024-01-01 01:41:58,2024-01-01 02:00:52,2,1.81,1,N,141,262,2,17.7,1.0,0.5,0.0,0.0,1.0,22.7,2.5,0.0
2,2024-01-01 01:32:03,2024-01-01 02:15:39,1,9.21,1,N,68,243,1,54.1,1.0,0.5,11.82,0.0,1.0,70.92,2.5,0.0
2,2024-01-01 01:09:32,2024-01-01 01:18:26,1,1.06,1,N,142,68,1,9.3,1.0,0.5,2.86,0.0,1.0,17.16,2.5,0.0
2,2024-01-01 01:24:44,2024-01-01 01:43:59,2,3.76,1,N,68,13,1,21.9,1.0,0.5,5.38,0.0,1.0,32.28,2.5,0.0
2,2024-01-01 01:48:01,2024-01-01 02:06:52,2,6.12,1,N,261,162,1,29.6,1.0,0.5,0.0,0.0,1.0,34.6,2.5,0.0
2,2024-01-01 01:18:53,2024-01-01 01:39:17,1,6.11,1,N,88,140,1,28.2,1.0,0.5,6.64,0.0,1.0,39.84,2.5,0.0
2,2024-01-01 01:42:45,2024-01-01 01:48:09,1,1.17,1,N,141,161,1,7.9,1.0,0.5,0.0,0.0,1.0,12.9,2.5,0.0
2,2024-01-01 01:50:50,2024-01-01 01:56:33,1,0.65,1,N,163,162,1,7.2,1.0,0.5,2.44,0.0,1.0,14.64,2.5,0.0
2,2024-01-01 01:16:48,2024-01-01 01:45:31,1,1.82,1,N,162,68,2,24.0,1.0,0.5,0.0,0.0,1.0,29.0,2.5,0.0
2,2024-01-01 01:49:20,2024-01-01 02:21:33,1,14.3,1,N,100,16,1,59.7,1.0,0.5,14.33,6.94,1.0,85.97,2.5,0.0
2,2024-01-01 01:46:14,2024-01-01 01:58:13,2,2.35,1,N,164,141,2,13.5,1.0,0.5,0.0,0.0,1.0,18.5,2.5,0.0
2,2024-01-01 01:17:48,2024-01-01 01:26:53,1,1.54,1,N,238,143,1,10.7,1.0,0.5,3.92,0.0,1.0,19.62,2.5,0.0
2,2024-01-01 01:32:46,2024-01-01 01:57:50,1,4.07,1,N,50,79,1,24.7,1.0,0.5,5.94,0.0,1.0,35.64,2.5,0.0
2,2024-01-01 01:59:06,2024-01-01 02:10:51,1,3.88,1,N,4,13,1,19.1,1.0,0.5,4.82,0.0,1.0,28.92,2.5,0.0
2,2024-01-01 01:43:01,2024-01-01 01:46:09,1,0.71,1,N,263,263,1,5.8,1.0,0.5,1.0,0.0,1.0,11.8,2.5,0.0
1,2024-01-01 01:30:14,2024-01-01 01:37:10,2,1.1,1,N,42,41,2,9.3,1.0,0.5,0.0,0.0,1.0,11.8,0.0,0.0
1,2024-01-01 01:01:41,2024-01-01 01:24:06,1,4.4,1,N,141,116,1,22.6,3.5,0.5,5.5,0.0,1.0,33.1,2.5,0.0
1,2024-01-01 01:32:12,2024-01-01 01:42:09,1,1.6,1,N,42,69,2,10.0,1.0,0.5,0.0,0.0,1.0,12.5,0.0,0.0
2,2024-01-01 01:13:53,2024-01-01 01:19:51,1,1.27,1,N,236,239,1,8.6,1.0,0.5,2.0,0.0,1.0,15.6,2.5,0.0
2,2024-01-01 01:51:50,2024-01-01 01:54:08,1,0.3,1,N,236,237,1,4.4,1.0,0.5,1.0,0.0,1.0,10.4,2.5,0.0
2,2024-01-01 01:56:16,2024-01-01 02:01:43,1,1.03,1,N,237,263,1,7.9,1.0,0.5,2.0,0.0,1.0,14.9,2.5,0.0
2,2024-01-01 01:55:28,2024-01-01 02:15:52,2,11.38,1,N,162,9,1,45.0,1.0,0.5,0.0,0.0,1.0,50.0,2.5,0.0
2,2024-01-01 01:09:01,2024-01-01 01:45:31,1,3.99,1,N,68,236,2,31.7,1.0,0.5,0.0,0.0,1.0,36.7,2.5,0.0
2,2024-01-01 01:30:28,2024-01-01 01:45:21,1,1.8,1,N,231,87,1,14.9,1.0,0.5,3.98,0.0,1.0,23.88,2.5,0.0
2,2024-01-01 01:49:34,2024-01-01 01:56:33,2,1.22,1,N,87,231,2,9.3,1.0,0.5,0.0,0.0,1.0,14.3,2.5,0.0
2,2024-01-01 01:59:14,2024-01-01 02:18:25,1,4.9,1,N,211,229,1,24.7,1.0,0.5,5.94,0.0,1.0,35.64,2.5,0.0
2,2024-01-01 01:15:00,2024-01-01 01:18:55,1,0.67,1,N,263,262,1,6.5,1.0,0.5,1.0,0.0,1.0,12.5,2.5,0.0
2,2024-01-01 01:23:09,2024-01-01 01:28:12,3,2.0,1,N,262,140,1,10.7,1.0,0.5,3.92,0.0,1.0,19.62,2.5,0.0
2,2024-01-01 01:29:39,2024-01-01 01:49:22,1,4.04,1,N,141,79,1,22.6,1.0,0.5,6.9,0.0,1.0,34.5,2.5,0.0
2,2024-01-01 01:52:27,2024-01-01 02:19:45,1,5.13,1,N,79,263,1,29.6,1.0,0.5,6.92,0.0,1.0,41.52,2.5,0.0
2,2024-01-01 01:33:58,2024-01-01 01:58:04,1,4.21,1,N,107,236,1,24.7,1.0,0.5,7.42,0.0,1.0,37.12,2.5,0.0
2,2024-01-01 01:13:54,2024-01-01 01:48:22,1,12.27,1,N,132,49,1,51.3,1.0,0.5,10.76,0.0,1.0,66.31,0.0,1.75
2,2024-01-01 01:12:15,2024-01-01 01:45:14,4,2.96,1,N,137,164,1,21.9,1.0,0.5,5.38,0.0,1.0,32.28,2.5,0.0
2,2024-01-01 01:48:22,2024-01-01 02:07:41,2,6.1,1,N,170,13,2,28.2,1.0,0.5,0.0,0.0,1.0,33.2,2.5,0.0
1,2024-01-01 01:25:55,2024-01-01 01:40:01,1,1.4,1,N,143,48,1,12.1,3.5,0.5,3.4,0.0,1.0,20.5,2.5,0.0
1,2024-01-01 01:40:51,2024-01-01 02:01:42,1,3.3,1,N,48,79,1,18.4,3.5,0.5,4.0,0.0,1.0,27.4,2.5,0.0
2,2024-01-01 01:22:51,2024-01-01 01:28:09,1,0.72,1,N,229,163,1,7.2,1.0,0.5,0.08,0.0,1.0,12.28,2.5,0.0
2,2024-01-01 01:31:29,2024-01-01 01:41:59,1,2.7,1,N,163,145,1,14.2,1.0,0.5,0.0,0.0,1.0,19.2,2.5,0.0
2,2024-01-01 01:47:11,2024-01-01 01:58:35,3,1.91,1,N,45,249,2,13.5,1.0,0.5,0.0,0.0,1.0,18.5,2.5,0.0
2,2024-01-01 01:03:20,2024-01-01 01:14:15,1,2.12,1,N,238,262,1,13.5,1.0,0.5,3.7,0.0,1.0,22.2,2.5,0.0
2,2024-01-01 01:32:05,2024-01-01 01:46:04,1,1.71,1,N,237,141,1,14.2,1.0,0.5,5.76,0.0,1.0,24.96,2.5,0.0
2,2024-01-01 01:04:43,2024-01-01 01:21:08,1,2.21,1,N,233,236,1,16.3,1.0,0.5,4.0,0.0,1.0,25.3,2.5,0.0
2,2024-01-01 01:25:36,2024-01-01 01:29:53,2,0.98,1,N,263,141,1,6.5,1.0,0.5,2.3,0.0,1.0,13.8,2.5,0.0
2,2024-01-01 01:40:42,2024-01-01 01:48:42,1,0.98,1,N,233,161,1,8.6,1.0,0.5,2.72,0.0,1.0,16.32,2.5,0.0
2,2024-01-01 01:23:30,2024-01-01 01:33:28,1,2.85,1,N,238,152,1,14.9,1.0,0.5,3.98,0.0,1.0,23.88,2.5,0.0
2,2024-01-01 01:25:40,2024-01-01 01:35:41,1,1.48,1,N,186,113,1,10.7,1.0,0.5,1.0,0.0,1.0,16.7,2.5,0.0
2,2024-01-01 01:36:47,2024-01-01 01:53:29,2,1.94,1,N,113,68,1,16.3,1.0,0.5,2.2,0.0,1.0,23.5,2.5,0.0
2,2024-01-01 01:54:52,2024-01-01 02:32:51,2,3.03,1,N,68,170,1,31.0,1.0,0.5,7.2,0.0,1.0,43.2,2.5,0.0
1,2024-01-01 01:35:26,2024-01-01 01:42:35,2,1.4,1,N,141,229,1,9.3,3.5,0.5,2.85,0.0,1.0,17.15,2.5,0.0
1,2024-01-01 01:49:07,2024-01-01 01:53:26,1,1.1,1,N,237,75,2,7.2,3.5,0.5,0.0,0.0,1.0,12.2,2.5,0.0
2,2024-01-01 01:04:52,2024-01-01 01:19:41,2,2.42,1,N,164,231,2,15.6,1.0,0.5,0.0,0.0,1.0,20.6,2.5,0.0
2,2024-01-01 01:20:26,2024-01-01 01:39:17,2,5.11,1,N,231,17,1,25.4,1.0,0.5,6.08,0.0,1.0,36.48,2.5,0.0
2,2024-01-01 01:40:06,2024-01-01 01:55:06,1,2.06,1,N,263,43,1,14.9,1.0,0.5,3.98,0.0,1.0,23.88,2.5,0.0
2,2024-01-01 01:57:45,2024-01-01 02:09:34,1,2.35,1,N,43,151,1,14.2,1.0,0.5,4.8,0.0,1.0,24.0,2.5,0.0
1,2024-01-01 01:09:38,2024-01-01 01:24:43,1,1.5,1,N,246,68,1,12.1,3.5,0.5,1.7,0.0,1.0,18.8,2.5,0.0
1,2024-01-01 01:26:51,2024-01-01 01:52:05,1,2.5,1,N,68,79,1,19.1,3.5,0.5,4.8,0.0,1.0,28.9,2.5,0.0
1,2024-01-01 01:56:05,2024-01-01 02:04:26,1,1.6,1,N,79,90,1,9.3,3.5,0.5,2.85,0.0,1.0,17.15,2.5,0.0
2,2024-01-01 01:02:05,2024-01-01 01:16:10,1,3.36,1,N,239,152,1,17.7,1.0,0.5,4.54,0.0,1.0,27.24,2.5,0.0
2,2024-01-01 01:03:37,2024-01-01 01:24:54,2,5.09,1,N,50,41,1,27.5,1.0,0.5,6.5,0.0,1.0,39.0,2.5,0.0
2,2024-01-01 01:29:19,2024-01-01 01:30:07,1,0.12,1,N,41,116,2,3.0,1.0,0.5,0.0,0.0,1.0,5.5,0.0,0.0
2,2024-01-01 01:52:08,2024-01-01 02:08:46,1,2.64,1,N,239,262,2,17.0,1.0,0.5,0.0,0.0,1.0,22.0,2.5,0.0
2,2024-01-01 01:04:55,2024-01-01 01:12:10,1,0.94,1,N,237,237,1,8.6,1.0,0.5,2.72,0.0,1.0,16.32,2.5,0.0
2,2024-01-01 01:05:44,2024-01-01 01:50:35,1,6.06,1,N,237,70,2,40.1,1.0,0.5,0.0,0.0,1.0,45.1,2.5,0.0
2,2024-01-01 01:11:10,2024-01-01 01:13:50,2,0.01,1,N,161,161,2,4.4,1.0,0.5,0.0,0.0,1.0,9.4,2.5,0.0
2,2024-01-01 01:18:18,2024-01-01 01:41:05,1,2.99,1,N,161,236,2,20.5,1.0,0.5,0.0,0.0,1.0,25.5,2.5,0.0
2,2024-01-01 01:42:11,2024-01-01 01:52:44,4,1.77,1,N,236,238,1,11.4,1.0,0.5,3.28,0.0,1.0,19.68,2.5,0.0
2,2024-01-01 01:06:46,2024-01-01 01:23:54,1,1.91,1,N,229,239,1,15.6,1.0,0.5,1.0,0.0,1.0,21.6,2.5,0.0
2,2024-01-01 01:27:31,2024-01-01 01:33:51,1,1.57,1,N,239,151,1,9.3,1.0,0.5,2.86,0.0,1.0,17.16,2.5,0.0
2,2024-01-01 01:05:29,2024-01-01 01:26:31,5,3.82,1,N,148,237,1,22.6,1.0,0.5,5.0,0.0,1.0,32.6,2.5,0.0
2,2024-01-01 01:47:27,2024-01-01 02:12:49,5,4.6,1,N,263,144,2,26.1,1.0,0.5,0.0,0.0,1.0,31.1,2.5,0.0
2,2024-01-01 01:20:46,2024-01-01 02:16:46,2,7.88,1,N,13,143,1,49.2,1.0,0.5,13.55,0.0,1.0,67.75,2.5,0.0
1,2024-01-01 01:12:21,2024-01-01 01:25:40,4,1.8,1,N,239,50,1,14.2,3.5,0.5,1.0,0.0,1.0,20.2,2.5,0.0
1,2024-01-01 01:27:56,2024-01-01 01:52:24,3,2.8,1,N,50,233,1,21.9,3.5,0.5,5.35,0.0,1.0,32.25,2.5,0.0
2,2024-01-01 01:24:06,2024-01-01 01:34:59,1,1.77,1,N,231,113,1,11.4,1.0,0.5,3.28,0.0,1.0,19.68,2.5,0.0
2,2024-01-01 01:37:15,2024-01-01 02:08:36,1,3.18,1,N,113,141,1,26.8,1.0,0.5,9.54,0.0,1.0,41.34,2.5,0.0
2,2024-01-01 01:55:01,2024-01-01 02:13:44,1,3.34,1,N,48,141,1,19.8,1.0,0.5,6.2,0.0,1.0,31.0,2.5,0.0
1,2024-01-01 01:01:50,2024-01-01 01:13:49,2,0.4,1,N,186,186,1,11.4,3.5,0.5,3.25,0.0,1.0,19.65,2.5,0.0
2,2024-01-01 01:24:00,2024-01-01 01:43:12,1,2.75,1,N,158,261,1,19.1,1.0,0.5,6.03,0.0,1.0,30.13,2.5,0.0
2,2024-01-01 01:50:18,2024-01-01 02:14:06,1,5.61,1,N,231,112,1,28.9,1.0,0.5,6.78,0.0,1.0,40.68,2.5,0.0
2,2024-01-01 01:18:02,2024-01-01 01:36:52,1,3.34,1,N,164,145,1,19.8,1.0,0.5,7.94,6.94,1.0,39.68,2.5,0.0
2,2024-01-01 01:13:28,2024-01-01 01:18:55,1,1.05,1,N,125,249,1,7.9,1.0,0.5,2.58,0.0,1.0,15.48,2.5,0.0
2,2024-01-01 01:21:01,2024-01-01 01:31:12,1,1.39,1,N,249,79,1,10.7,1.0,0.5,3.14,0.0,1.0,18.84,2.5,0.0
2,2024-01-01 01:33:09,2024-01-01 01:43:33,1,1.57,1,N,107,211,1,11.4,1.0,0.5,3.28,0.0,1.0,19.68,2.5,0.0
2,2024-01-01 01:48:10,2024-01-01 01:50:00,1,0.62,1,N,125,113,1,5.1,1.0,0.5,3.03,0.0,1.0,13.13,2.5,0.0
2,2024-01-01 01:53:54,2024-01-01 02:03:47,1,1.4,1,N,114,234,1,11.4,1.0,0.5,3.28,0.0,1.0,19.68,2.5,0.0
2,2024-01-01 01:26:04,2024-01-01 01:28:44,1,0.46,1,N,74,41,1,5.1,1.0,0.5,2.28,0.0,1.0,9.88,0.0,0.0
2,2024-01-01 01:39:33,2024-01-01 01:54:45,2,3.45,1,N,238,116,1,17.7,1.0,0.5,5.68,0.0,1.0,28.38,2.5,0.0
2,2024-01-01 01:00:48,2024-01-01 01:12:56,2,0.85,1,N,90,186,2,12.1,1.0,0.5,0.0,0.0,1.0,17.1,2.5,0.0
2,2024-01-01 01:19:25,2024-01-01 01:40:44,1,3.13,1,N,164,263,1,21.9,1.0,0.5,5.38,0.0,1.0,32.28,2.5,0.0
2,2024-01-01 01:44:20,2024-01-01 01:47:42,2,0.5,1,N,236,262,2,-5.8,-1.0,-0.5,0.0,0.0,-1.0,-10.8,-2.5,0.0
2,2024-01-01 01:44:20,2024-01-01 01:47:42,2,0.5,1,N,236,262,2,5.8,1.0,0.5,0.0,0.0,1.0,10.8,2.5,0.0
2,2024-01-01 01:51:25,2024-01-01 02:08:47,1,2.75,1,N,263,137,1,17.7,1.0,0.5,4.54,0.0,1.0,27.24,2.5,0.0
2,2024-01-01 01:13:10,2024-01-01 01:21:11,1,1.53,1,N,141,263,1,10.0,1.0,0.5,3.0,0.0,1.0,18.0,2.5,0.0
2,2024-01-01 01:23:12,2024-01-01 01:28:17,1,1.05,1,N,263,75,2,-7.9,-1.0,-0.5,0.0,0.0,-1.0,-12.9,-2.5,0.0
2,2024-01-01 01:23:12,2024-01-01 01:28:17,1,1.05,1,N,263,75,2,7.9,1.0,0.5,0.0,0.0,1.0,12.9,2.5,0.0
2,2024-01-01 01:37:09,2024-01-01 02:03:17,2,4.13,1,N,263,114,1,25.4,1.0,0.5,1.0,0.0,1.0,31.4,2.5,0.0
2,2024-01-01 01:46:06,2024-01-01 01:53:44,2,0.72,1,N,107,233,1,8.6,1.0,0.5,2.72,0.0,1.0,16.32,2.5,0.0
2,2024-01-01 01:58:57,2024-01-01 02:13:28,1,0.94,1,N,170,234,1,13.5,1.0,0.5,3.7,0.0,1.0,22.2,2.5,0.0
2,2024-01-01 01:33:08,2024-01-01 01:34:35,1,0.5,1,N,263,236,1,4.4,1.0,0.5,1.88,0.0,1.0,11.28,2.5,0.0
2,2024-01-01 01:55:32,2024-01-01 02:05:11,1,1.34,1,N,90,137,1,10.7,1.0,0.5,3.14,0.0,1.0,18.84,2.5,0.0
2,2024-01-01 01:25:10,2024-01-01 01:48:50,1,3.8,1,N,249,141,1,23.3,1.0,0.5,0.0,0.0,1.0,28.3,2.5,0.0
2,2024-01-01 01:50:03,2024-01-01 01:57:08,2,1.18,1,N,141,263,2,9.3,1.0,0.5,0.0,0.0,1.0,14.3,2.5,0.0
2,2024-01-01 01:00:34,2024-01-01 01:47:26,4,15.69,1,N,236,89,1,68.8,1.0,0.5,20.18,6.94,1.0,100.92,2.5,0.0
2,2024-01-01 01:22:27,2024-01-01 01:34:54,6,2.21,1,N,141,239,2,14.2,1.0,0.5,0.0,0.0,1.0,19.2,2.5,0.0
2,2024-01-01 01:39:37,2024-01-01 01:42:43,6,1.15,1,N,238,24,1,6.5,1.0,0.5,5.0,0.0,1.0,16.5,2.5,0.0
2,2024-01-01 01:47:04,2024-01-01 01:51:46,6,1.01,1,N,151,41,2,7.2,1.0,0.5,0.0,0.0,1.0,9.7,0.0,0.0
2,2024-01-01 01:22:33,2024-01-01 01:50:16,1,2.98,1,N,48,141,1,24.7,1.0,0.5,5.94,0.0,1.0,35.64,2.5,0.0
2,2024-01-01 01:06:47,2024-01-01 01:15:50,1,1.72,1,N,161,141,1,11.4,1.0,0.5,3.28,0.0,1.0,19.68,2.5,0.0
2,2024-01-01 01:19:57,2024-01-01 01:26:54,1,0.91,1,N,141,141,1,8.6,1.0,0.5,2.72,0.0,1.0,16.32,2.5,0.0
2,2024-01-01 01:30:14,2024-01-01 01:31:43,1,0.51,1,N,141,141,1,4.4,1.0,0.5,1.88,0.0,1.0,11.28,2.5,0.0
2,2024-01-01 01:42:47,2024-01-01 02:02:12,1,2.03,1,N,161,239,1,17.7,1.0,0.5,5.68,0.0,1.0,28.38,2.5,0.0
2,2024-01-01 01:12:21,2024-01-01 01:35:14,1,3.88,1,N,79,236,1,24.7,1.0,0.5,5.94,0.0,1.0,35.64,2.5,0.0
2,2024-01-01 01:56:32,2024-01-01 02:15:53,1,2.77,1,N,161,79,1,18.4,1.0,0.5,4.68,0.0,1.0,28.08,2.5,0.0
2,2024-01-01 01:19:00,2024-01-01 01:54:12,2,6.0,1,N,90,7,1,35.9,1.0,0.5,8.18,0.0,1.0,49.08,2.5,0.0
2,2024-01-01 01:57:20,2024-01-01 02:25:01,2,4.75,1,N,68,236,1,28.2,1.0,0.5,6.64,0.0,1.0,39.84,2.5,0.0
2,2024-01-01 01:16:10,2024-01-01 01:51:22,2,1.35,1,N,186,50,2,28.2,1.0,0.5,0.0,0.0,1.0,33.2,2.5,0.0
2,2024-01-01 01:54:15,2024-01-01 02:02:15,2,2.01,2,N,50,238,1,70.0,0.0,0.5,14.8,0.0,1.0,88.8,2.5,0.0
2,2024-01-01 01:12:47,2024-01-01 01:30:39,1,2.25,1,N,224,231,2,16.3,1.0,0.5,0.0,0.0,1.0,21.3,2.5,0.0
2,2024-01-01 01:33:21,2024-01-01 01:42:12,1,1.15,1,N,231,209,1,10.0,1.0,0.5,1.5,0.0,1.0,16.5,2.5,0.0
2,2024-01-01 01:51:56,2024-01-01 02:12:17,1,3.26,1,N,231,170,1,19.8,1.0,0.5,4.96,0.0,1.0,29.76,2.5,0.0
2,2024-01-01 01:12:05,2024-01-01 01:26:14,4,1.6,1,N,79,125,1,13.5,1.0,0.5,1.0,0.0,1.0,19.5,2.5,0.0
2,2024-01-01 01:20:18,2024-01-01 01:43:11,2,4.71,1,N,170,41,1,24.7,1.0,0.5,4.46,0.0,1.0,34.16,2.5,0.0
2,2024-01-01 01:49:55,2024-01-01 02:09:07,1,4.5,1,N,112,237,1,22.6,1.0,0.5,0.0,0.0,1.0,27.6,2.5,0.0
2,2024-01-01 01:23:16,2024-01-01 01:27:18,2,0.56,1,N,249,158,1,5.8,1.0,0.5,2.7,0.0,1.0,13.5,2.5,0.0
2,2024-01-01 01:28:13,2024-01-01 01:42:19,3,2.62,1,N,158,233,1,15.6,1.0,0.5,3.0,0.0,1.0,23.6,2.5,0.0
2,2024-01-01 01:53:13,2024-01-01 02:24:26,1,1.98,1,N,164,246,1,26.1,1.0,0.5,4.0,0.0,1.0,35.1,2.5,0.0
2,2024-01-01 01:38:30,2024-01-01 02:01:32,1,2.59,5,N,234,79,2,33.02,0.0,0.5,0.0,0.0,1.0,37.02,2.5,0.0
2,2024-01-01 01:03:38,2024-01-01 01:48:10,2,8.91,1,N,161,61,2,48.5,1.0,0.5,0.0,6.94,1.0,60.44,2.5,0.0
2,2024-01-01 01:38:37,2024-01-01 01:43:03,1,0.33,1,N,264,264,1,5.8,1.0,0.5,2.16,2.5,1.0,12.96,0.0,0.0
2,2024-01-01 01:49:18,2024-01-01 02:11:00,1,3.9,1,N,264,264,1,23.3,1.0,0.5,1.0,2.5,1.0,29.3,0.0,0.0
2,2024-01-01 01:11:05,2024-01-01 01:16:04,1,0.93,1,N,231,13,1,7.2,1.0,0.5,3.66,0.0,1.0,15.86,2.5,0.0
2,2024-01-01 01:20:50,2024-01-01 01:29:22,1,1.5,1,N,261,211,1,10.7,1.0,0.5,3.14,0.0,1.0,18.84,2.5,0.0
2,2024-01-01 01:31:32,2024-01-01 01:34:52,1,0.77,1,N,211,144,1,5.8,1.0,0.5,2.16,0.0,1.0,12.96,2.5,0.0
2,2024-01-01 01:39:04,2024-01-01 01:47:31,1,0.92,1,N,144,148,1,9.3,1.0,0.5,2.86,0.0,1.0,17.16,2.5,0.0
2,2024-01-01 01:48:53,2024-01-01 02:19:27,1,9.39,1,N,148,145,1,42.2,1.0,0.5,10.83,6.94,1.0,64.97,2.5,0.0
2,2024-01-01 01:06:13,2024-01-01 01:25:52,3,2.56,1,N,170,4,1,18.4,1.0,0.5,4.68,0.0,1.0,28.08,2.5,0.0
2,2024-01-01 01:28:36,2024-01-01 01:57:14,1,7.49,1,N,4,41,1,36.6,1.0,0.5,5.0,0.0,1.0,46.6,2.5,0.0
1,2024-01-01 01:09:28,2024-01-01 01:12:02,2,0.4,1,N,229,233,1,5.1,3.5,0.5,3.0,0.0,1.0,13.1,2.5,0.0
1,2024-01-01 01:18:27,2024-01-01 01:31:10,2,1.8,1,N,162,79,1,13.5,3.5,0.5,3.7,0.0,1.0,22.2,2.5,0.0
1,2024-01-01 01:40:11,2024-01-01 01:43:34,2,1.1,1,N,79,233,1,7.2,3.5,0.5,3.0,0.0,1.0,15.2,2.5,0.0
1,2024-01-01 01:50:52,2024-01-01 02:03:53,2,2.9,1,N,137,236,1,15.6,3.5,0.5,6.15,0.0,1.0,26.75,2.5,0.0
1,2024-01-01 01:12:09,2024-01-01 01:15:45,1,0.7,1,N,142,237,1,5.8,3.5,0.5,2.15,0.0,1.0,12.95,2.5,0.0
1,2024-01-01 01:20:40,2024-01-01 01:41:35,1,1.2,1,N,43,164,1,14.2,3.5,0.5,3.8,0.0,1.0,23.0,2.5,0.0
1,2024-01-01 01:44:53,2024-01-01 02:09:47,1,3.4,1,N,164,263,1,21.2,3.5,0.5,5.2,0.0,1.0,31.4,2.5,0.0
2,2024-01-01 01:54:25,2024-01-01 01:56:56,2,0.51,1,N,41,41,2,5.1,1.0,0.5,0.0,0.0,1.0,7.6,0.0,0.0
2,2024-01-01 01:37:49,2024-01-01 01:50:18,1,4.49,1,N,239,48,1,21.9,1.0,0.5,5.38,0.0,1.0,32.28,2.5,0.0
2,2024-01-01 01:38:38,2024-01-01 01:49:10,1,2.05,1,N,74,24,2,12.8,1.0,0.5,0.0,0.0,1.0,15.3,0.0,0.0
2,2024-01-01 01:45:52,2024-01-01 02:04:42,4,5.43,1,N,232,141,2,26.1,1.0,0.5,0.0,0.0,1.0,31.1,2.5,0.0
2,2024-01-01 01:15:20,2024-01-01 01:20:40,3,0.44,1,N,211,211,1,6.5,1.0,0.5,1.0,0.0,1.0,12.5,2.5,0.0
2,2024-01-01 01:22:12,2024-01-01 01:27:50,2,1.07,1,N,211,231,1,7.9,1.0,0.5,3.23,0.0,1.0,16.13,2.5,0.0
2,2024-01-01 01:29:24,2024-01-01 01:37:39,2,2.09,1,N,231,249,1,11.4,1.0,0.5,3.28,0.0,1.0,19.68,2.5,0.0
2,2024-01-01 01:38:50,2024-01-01 02:12:18,2,3.24,1,N,249,142,1,29.6,1.0,0.5,6.92,0.0,1.0,41.52,2.5,0.0
2,2024-01-01 01:02:08,2024-01-01 01:10:25,1,1.9,1,N,162,236,2,10.7,1.0,0.5,0.0,0.0,1.0,15.7,2.5,0.0
2,2024-01-01 01:11:37,2024-01-01 01:28:57,1,4.53,1,N,236,42,1,23.3,1.0,0.5,5.66,0.0,1.0,33.96,2.5,0.0
2,2024-01-01 01:56:37,2024-01-01 02:56:25,1,6.59,1,N,161,265,1,49.9,1.0,0.0,10.0,12.75,1.0,74.65,0.0,0.0
2,2024-01-01 01:10:08,2024-01-01 01:25:50,1,2.45,1,N,263,170,1,17.0,1.0,0.5,4.4,0.0,1.0,26.4,2.5,0.0
2,2024-01-01 01:11:26,2024-01-01 01:21:16,1,2.17,1,N,263,142,1,12.1,1.0,0.5,4.28,0.0,1.0,21.38,2.5,0.0
2,2024-01-01 01:22:58,2024-01-01 01:27:39,3,0.85,1,N,142,143,1,7.2,1.0,0.5,2.44,0.0,1.0,14.64,2.5,0.0
2,2024-01-01 01:43:45,2024-01-01 01:57:20,2,2.61,1,N,143,262,1,15.6,1.0,0.5,5.15,0.0,1.0,25.75,2.5,0.0
2,2024-01-01 01:20:11,2024-01-01 01:29:48,1,2.47,1,N,237,75,1,12.8,1.0,0.5,3.56,0.0,1.0,21.36,2.5,0.0
2,2024-01-01 01:33:12,2024-01-01 01:42:23,1,1.91,1,N,263,238,1,11.4,1.0,0.5,3.28,0.0,1.0,19.68,2.5,0.0
2,2024-01-01 01:43:40,2024-01-01 02:02:17,1,2.49,1,N,238,48,1,18.4,1.0,0.5,7.02,0.0,1.0,30.42,2.5,0.0
2,2024-01-01 01:57:21,2024-01-01 02:09:47,2,2.16,1,N,233,140,1,14.2,1.0,0.5,10.0,0.0,1.0,29.2,2.5,0.0
2,2024-01-01 01:18:00,2024-01-01 01:42:23,2,3.79,1,N,249,256,1,24.7,1.0,0.5,2.0,0.0,1.0,31.7,2.5,0.0
2,2024-01-01 01:53:40,2024-01-01 02:26:52,2,8.17,1,N,256,74,2,41.5,1.0,0.5,0.0,0.0,1.0,46.5,2.5,0.0
2,2024-01-01 01:28:59,2024-01-01 01:41:21,1,1.6,1,N,50,68,1,12.8,1.0,0.5,5.34,0.0,1.0,23.14,2.5,0.0
2,2024-01-01 01:55:42,2024-01-01 02:30:25,1,2.24,1,N,68,48,1,28.9,1.0,0.5,6.78,0.0,1.0,40.68,2.5,0.0
2,2024-01-01 01:28:46,2024-01-01 01:45:04,1,2.06,1,N,211,211,1,16.3,1.0,0.5,4.26,0.0,1.0,25.56,2.5,0.0
2,2024-01-01 01:52:39,2024-01-01 02:03:37,3,2.13,1,N,114,170,1,12.8,1.0,0.5,4.45,0.0,1.0,22.25,2.5,0.0
1,2024-01-01 01:01:14,2024-01-01 01:20:17,1,1.1,1,N,162,164,1,16.3,3.5,0.5,3.83,0.0,1.0,25.13,2.5,0.0
1,2024-01-01 01:22:07,2024-01-01 01:36:31,2,2.4,1,N,164,211,1,16.3,3.5,0.5,3.0,0.0,1.0,24.3,2.5,0.0
1,2024-01-01 01:37:52,2024-01-01 02:01:48,1,3.8,1,N,211,162,2,24.0,3.5,0.5,0.0,0.0,1.0,29.0,2.5,0.0
2,2024-01-01 01:00:22,2024-01-01 01:24:26,1,2.85,1,N,162,158,4,-22.6,-1.0,-0.5,0.0,0.0,-1.0,-27.6,-2.5,0.0
2,2024-01-01 01:00:22,2024-01-01 01:24:26,1,2.85,1,N,162,158,4,22.6,1.0,0.5,0.0,0.0,1.0,27.6,2.5,0.0
2,2024-01-01 01:25:45,2024-01-01 01:29:14,1,0.57,1,N,158,249,1,5.8,1.0,0.5,2.16,0.0,1.0,12.96,2.5,0.0
2,2024-01-01 01:30:28,2024-01-01 01:38:10,1,1.02,1,N,249,79,1,9.3,1.0,0.5,2.0,0.0,1.0,16.3,2.5,0.0
2,2024-01-01 01:06:42,2024-01-01 01:24:34,3,2.4,1,N,164,141,1,17.7,1.0,0.5,4.09,0.0,1.0,26.79,2.5,0.0
2,2024-01-01 01:26:35,2024-01-01 01:37:44,1,1.61,1,N,237,137,1,12.1,1.0,0.5,3.42,0.0,1.0,20.52,2.5,0.0
2,2024-01-01 01:39:52,2024-01-01 01:47:05,3,1.45,1,N,137,79,1,9.3,1.0,0.5,1.43,0.0,1.0,15.73,2.5,0.0
2,2024-01-01 01:48:37,2024-01-01 02:03:58,4,2.17,1,N,79,170,1,15.6,1.0,0.5,5.15,0.0,1.0,25.75,2.5,0.0
2,2024-01-01 01:06:04,2024-01-01 01:13:54,1,1.2,1,N,148,209,1,9.3,1.0,0.5,2.0,0.0,1.0,16.3,2.5,0.0
2,2024-01-01 01:15:34,2024-01-01 01:33:21,1,5.01,1,N,209,234,1,24.7,1.0,0.5,3.0,0.0,1.0,32.7,2.5,0.0
2,2024-01-01 01:35:53,2024-01-01 02:00:20,1,7.35,1,N,234,40,1,33.1,1.0,0.5,7.62,0.0,1.0,45.72,2.5,0.0
2,2024-01-01 01:53:36,2024-01-01 02:23:26,1,5.24,1,N,114,112,1,31.0,1.0,0.5,8.59,6.94,1.0,51.53,2.5,0.0
2,2024-01-01 01:39:47,2024-01-01 01:45:17,1,1.0,1,N,164,79,1,7.9,1.0,0.5,2.0,0.0,1.0,14.9,2.5,0.0
2,2024-01-01 01:45:58,2024-01-01 01:54:27,1,1.13,1,N,79,249,1,9.3,1.0,0.5,2.86,0.0,1.0,17.16,2.5,0.0
2,2024-01-01 01:56:11,2024-01-01 02:14:36,2,3.47,1,N,249,229,1,19.8,1.0,0.5,2.0,0.0,1.0,26.8,2.5,0.0
2,2024-01-01 01:22:29,2024-01-01 01:36:54,2,3.39,1,N,79,87,1,18.4,1.0,0.5,2.34,0.0,1.0,25.74,2.5,0.0
2,2024-01-01 01:40:58,2024-01-01 01:53:54,1,4.03,1,N,87,107,1,19.8,1.0,0.5,4.96,0.0,1.0,29.76,2.5,0.0
2,2024-01-01 01:56:14,2024-01-01 02:05:17,1,1.73,1,N,170,229,1,10.7,1.0,0.5,0.0,0.0,1.0,15.7,2.5,0.0
1,2024-01-01 01:44:54,2024-01-01 01:56:23,1,1.8,1,N,141,162,2,12.8,3.5,0.5,0.0,0.0,1.0,17.8,2.5,0.0
2,2024-01-01 01:12:27,2024-01-01 01:17:52,2,0.44,1,N,48,68,1,6.5,1.0,0.5,1.0,0.0,1.0,12.5,2.5,0.0
2,2024-01-01 01:20:23,2024-01-01 01:45:29,2,3.94,1,N,246,209,1,25.4,1.0,0.5,6.08,0.0,1.0,36.48,2.5,0.0
2,2024-01-01 01:05:06,2024-01-01 01:19:52,1,1.3,1,N,163,164,2,14.2,1.0,0.5,0.0,0.0,1.0,19.2,2.5,0.0
2,2024-01-01 01:23:43,2024-01-01 01:44:40,1,3.65,1,N,170,263,1,21.2,1.0,0.5,5.24,0.0,1.0,31.44,2.5,0.0
2,2024-01-01 01:42:50,2024-01-01 01:57:01,1,1.92,1,N,148,137,1,14.9,1.0,0.5,2.0,0.0,1.0,21.9,2.5,0.0
2,2024-01-01 01:29:45,2024-01-01 01:34:08,2,0.59,1,N,50,143,1,5.8,1.0,0.5,3.24,0.0,1.0,14.04,2.5,0.0
2,2024-01-01 01:49:43,2024-01-01 01:58:15,2,0.7,1,N,48,48,1,8.6,1.0,0.5,2.72,0.0,1.0,16.32,2.5,0.0
2,2024-01-01 01:59:47,2024-01-01 02:01:39,2,0.0,1,N,48,48,4,-3.7,-1.0,-0.5,0.0,0.0,-1.0,-8.7,-2.5,0.0
2,2024-01-01 01:59:47,2024-01-01 02:01:39,2,0.0,1,N,48,48,4,3.7,1.0,0.5,0.0,0.0,1.0,8.7,2.5,0.0
2,2024-01-01 01:40:28,2024-01-01 01:57:40,1,3.24,1,N,50,263,4,-19.1,-1.0,-0.5,0.0,0.0,-1.0,-24.1,-2.5,0.0
2,2024-01-01 01:40:28,2024-01-01 01:57:40,1,3.24,1,N,50,263,4,19.1,1.0,0.5,0.0,0.0,1.0,24.1,2.5,0.0
2,2024-01-01 01:45:32,2024-01-01 01:50:36,1,0.5,1,N,48,48,2,6.5,1.0,0.5,0.0,0.0,1.0,11.5,2.5,0.0
2,2024-01-01 01:54:20,2024-01-01 02:19:45,1,1.93,1,N,48,68,1,21.2,1.0,0.5,1.0,0.0,1.0,27.2,2.5,0.0
1,2024-01-01 01:07:24,2024-01-01 01:14:16,1,0.8,1,N,107,114,1,8.6,3.5,0.5,2.7,0.0,1.0,16.3,2.5,0.0
1,2024-01-01 01:14:57,2024-01-01 01:25:40,1,2.2,1,N,114,186,1,12.8,3.5,0.5,1.0,0.0,1.0,18.8,2.5,0.0
1,2024-01-01 01:26:38,2024-01-01 01:40:35,1,2.2,1,N,90,79,1,14.9,3.5,0.5,4.95,0.0,1.0,24.85,2.5,0.0
1,2024-01-01 01:56:46,2024-01-01 02:15:25,1,3.5,1,N,148,225,1,21.2,3.5,0.5,5.2,0.0,1.0,31.4,2.5,0.0
2,2024-01-01 01:11:23,2024-01-01 01:29:25,1,3.11,1,N,142,107,1,19.1,1.0,0.5,6.03,0.0,1.0,30.13,2.5,0.0
2,2024-01-01 01:31:52,2024-01-01 01:43:05,1,1.45,1,N,234,148,1,12.1,1.0,0.5,3.42,0.0,1.0,20.52,2.5,0.0
2,2024-01-01 01:44:13,2024-01-01 01:55:08,1,1.58,1,N,148,158,1,12.1,1.0,0.5,3.0,0.0,1.0,20.1,2.5,0.0
2,2024-01-01 01:56:58,2024-01-01 02:12:12,1,2.31,1,N,158,261,1,15.6,1.0,0.5,4.12,0.0,1.0,24.72,2.5,0.0
1,2024-01-01 01:19:00,2024-01-01 01:31:38,1,2.1,1,N,262,239,1,12.1,3.5,0.5,3.4,0.0,1.0,20.5,2.5,0.0
1,2024-01-01 01:35:36,2024-01-01 01:42:18,1,1.2,1,N,239,151,1,7.9,3.5,0.5,2.6,0.0,1.0,15.5,2.5,0.0
2,2024-01-01 01:10:37,2024-01-01 01:28:38,1,2.14,1,N,90,144,1,17.0,1.0,0.5,4.4,0.0,1.0,26.4,2.5,0.0
2,2024-01-01 01:29:39,2024-01-01 02:09:43,1,5.75,1,N,144,143,1,36.6,1.0,0.5,8.32,0.0,1.0,49.92,2.5,0.0
2,2024-01-01 01:15:25,2024-01-01 01:33:17,1,3.4,1,N,170,143,1,19.1,1.0,0.5,1.4,0.0,1.0,25.5,2.5,0.0
2,2024-01-01 01:35:24,2024-01-01 01:54:08,1,3.4,1,N,143,170,1,20.5,1.0,0.5,3.5,0.0,1.0,29.0,2.5,0.0
2,2024-01-01 01:25:07,2024-01-01 01:45:44,2,3.25,1,N,164,236,1,20.5,1.0,0.5,2.0,0.0,1.0,27.5,2.5,0.0
2,2024-01-01 01:54:06,2024-01-01 02:08:00,1,3.68,1,N,237,226,1,18.4,1.0,0.5,7.02,0.0,1.0,30.42,2.5,0.0
1,2024-01-01 01:00:10,2024-01-01 01:14:54,2,3.9,1,N,142,116,2,19.1,3.5,0.5,0.0,0.0,1.0,24.1,2.5,0.0
2,2024-01-01 01:25:29,2024-01-01 01:47:47,3,4.69,1,N,186,236,1,25.4,1.0,0.5,6.08,0.0,1.0,36.48,2.5,0.0
1,2024-01-01 01:10:59,2024-01-01 01:16:07,2,1.0,1,N,263,75,1,7.2,3.5,0.5,2.4,0.0,1.0,14.6,2.5,0.0
1,2024-01-01 01:38:31,2024-01-01 01:42:56,3,0.8,1,N,141,236,1,6.5,3.5,0.5,2.3,0.0,1.0,13.8,2.5,0.0
1,2024-01-01 01:06:14,2024-01-01 01:43:32,1,2.7,1,N,229,186,1,30.3,3.5,0.5,3.0,0.0,1.0,38.3,2.5,0.0
1,2024-01-01 01:45:46,2024-01-01 02:04:25,3,2.3,1,N,186,79,1,17.7,3.5,0.5,4.5,0.0,1.0,27.2,2.5,0.0
1,2024-01-01 01:02:36,2024-01-01 01:18:44,2,1.6,1,N,50,158,2,12.8,3.5,0.5,0.0,0.0,1.0,17.8,2.5,0.0
1,2024-01-01 01:30:33,2024-01-01 01:36:05,2,0.8,1,N,249,68,2,6.5,3.5,0.5,0.0,0.0,1.0,11.5,2.5,0.0
1,2024-01-01 01:38:15,2024-01-01 02:08:21,2,3.0,1,N,90,45,1,20.5,3.5,0.5,5.1,0.0,1.0,30.6,2.5,0.0
2,2024-01-01 01:11:55,2024-01-01 01:27:09,3,1.83,1,N,161,90,2,14.9,1.0,0.5,0.0,0.0,1.0,19.9,2.5,0.0
2,2024-01-01 01:27:35,2024-01-01 01:38:46,3,1.48,1,N,90,107,1,11.4,1.0,0.5,3.28,0.0,1.0,19.68,2.5,0.0
2,2024-01-01 01:39:47,2024-01-01 01:46:01,1,0.78,1,N,107,107,1,7.2,1.0,0.5,2.44,0.0,1.0,14.64,2.5,0.0
2,2024-01-01 01:50:05,2024-01-01 02:16:12,2,8.41,1,N,107,223,1,38.7,1.0,0.5,10.13,6.94,1.0,60.77,2.5,0.0
2,2024-01-01 01:01:12,2024-01-01 01:43:38,3,3.65,1,N,186,262,1,35.2,1.0,0.5,8.04,0.0,1.0,48.24,2.5,0.0
2,2024-01-01 00:59:51,2024-01-01 01:12:56,1,0.94,1,N,162,170,1,12.8,1.0,0.5,3.56,0.0,1.0,21.36,2.5,0.0
2,2024-01-01 01:26:49,2024-01-01 01:44:59,1,2.99,1,N,186,141,1,19.1,1.0,0.5,4.82,0.0,1.0,28.92,2.5,0.0
2,2024-01-01 01:47:17,2024-01-01 02:09:04,1,8.8,1,N,141,181,1,37.3,1.0,0.5,8.46,0.0,1.0,50.76,2.5,0.0
1,2024-01-01 01:09:54,2024-01-01 01:14:51,1,0.5,1,N,233,229,2,6.5,3.5,0.5,0.0,0.0,1.0,11.5,2.5,0.0
1,2024-01-01 01:24:37,2024-01-01 01:28:55,1,0.7,1,N,141,43,2,6.5,3.5,0.5,0.0,0.0,1.0,11.5,2.5,0.0
1,2024-01-01 01:33:20,2024-01-01 01:43:57,1,1.5,1,N,163,236,1,12.1,3.5,0.5,10.0,0.0,1.0,27.1,2.5,0.0
1,2024-01-01 01:48:49,2024-01-01 01:59:05,1,1.6,1,N,237,229,1,12.1,3.5,0.5,4.25,0.0,1.0,21.35,2.5,0.0
1,2024-01-01 01:03:39,2024-01-01 01:12:52,1,0.3,1,N,162,170,1,9.3,3.5,0.5,0.0,0.0,1.0,14.3,2.5,0.0
1,2024-01-01 01:54:58,2024-01-01 02:14:49,1,4.1,1,N,141,90,1,23.3,3.5,0.5,5.65,0.0,1.0,33.95,2.5,0.0
2,2024-01-01 01:47:30,2024-01-01 02:01:22,6,2.41,1,N,141,238,1,15.6,1.0,0.5,10.0,0.0,1.0,30.6,2.5,0.0
2,2024-01-01 01:51:07,2024-01-01 01:59:18,1,0.95,1,N,256,80,2,8.6,1.0,0.5,0.0,0.0,1.0,11.1,0.0,0.0
2,2024-01-01 01:39:01,2024-01-01 01:57:11,3,3.08,1,N,231,246,1,19.8,1.0,0.5,4.96,0.0,1.0,29.76,2.5,0.0
2,2024-01-01 01:48:09,2024-01-01 01:53:15,1,0.94,1,N,263,237,1,7.2,1.0,0.5,0.0,0.0,1.0,12.2,2.5,0.0
2,2024-01-01 01:12:33,2024-01-01 01:23:31,2,1.6,1,N,79,137,2,11.4,1.0,0.5,0.0,0.0,1.0,16.4,2.5,0.0
2,2024-01-01 01:25:35,2024-01-01 01:31:40,1,1.0,1,N,107,114,1,7.9,1.0,0.5,3.23,0.0,1.0,16.13,2.5,0.0
2,2024-01-01 01:33:52,2024-01-01 01:42:06,2,1.81,1,N,114,87,1,10.7,1.0,0.5,3.92,0.0,1.0,19.62,2.5,0.0
2,2024-01-01 01:51:35,2024-01-01 02:04:58,2,2.04,1,N,88,148,2,14.2,1.0,0.5,0.0,0.0,1.0,19.2,2.5,0.0
2,2024-01-01 01:08:44,2024-01-01 01:18:47,1,1.59,1,N,24,239,1,12.1,1.0,0.5,3.42,0.0,1.0,20.52,2.5,0.0
2,2024-01-01 01:54:51,2024-01-01 02:09:44,1,1.63,1,N,113,144,2,14.2,1.0,0.5,0.0,0.0,1.0,19.2,2.5,0.0
1,2024-01-01 01:04:54,2024-01-01 01:15:23,2,1.6,1,N,237,263,1,12.1,3.5,0.5,1.5,0.0,1.0,18.6,2.5,0.0
1,2024-01-01 01:17:19,2024-01-01 01:22:23,2,1.0,1,N,263,236,2,7.2,3.5,0.5,0.0,0.0,1.0,12.2,2.5,0.0
1,2024-01-01 01:22:53,2024-01-01 01:31:34,1,1.5,1,N,236,238,1,10.7,3.5,0.5,3.1,0.0,1.0,18.8,2.5,0.0
1,2024-01-01 01:40:23,2024-01-01 01:49:00,1,1.6,1,N,143,151,1,10.7,3.5,0.5,3.9,0.0,1.0,19.6,2.5,0.0
1,2024-01-01 01:50:58,2024-01-01 02:21:35,2,4.0,1,N,151,161,1,29.6,3.5,0.5,6.9,0.0,1.0,41.5,2.5,0.0
2,2024-01-01 01:32:03,2024-01-01 01:54:19,1,2.93,1,N,142,107,1,21.9,1.0,0.5,0.0,0.0,1.0,26.9,2.5,0.0
2,2024-01-01 01:57:50,2024-01-01 02:00:39,4,0.75,1,N,170,162,1,5.8,1.0,0.5,2.16,0.0,1.0,12.96,2.5,0.0
2,2024-01-01 01:49:44,2024-01-01 02:10:01,1,3.67,1,N,232,49,1,22.6,1.0,0.5,5.52,0.0,1.0,33.12,2.5,0.0
2,2024-01-01 01:10:02,2024-01-01 01:25:11,1,2.93,1,N,107,232,1,17.7,1.0,0.5,4.54,0.0,1.0,27.24,2.5,0.0
2,2024-01-01 01:34:19,2024-01-01 01:55:43,1,4.34,1,N,232,170,3,-26.1,-1.0,-0.5,0.0,0.0,-1.0,-31.1,-2.5,0.0
2,2024-01-01 01:34:19,2024-01-01 01:55:43,1,4.34,1,N,232,170,3,26.1,1.0,0.5,0.0,0.0,1.0,31.1,2.5,0.0
2,2024-01-01 01:26:48,2024-01-01 01:37:51,1,1.86,1,N,238,237,1,13.5,1.0,0.5,3.7,0.0,1.0,22.2,2.5,0.0
2,2024-01-01 01:43:52,2024-01-01 01:59:19,1,1.76,1,N,229,164,1,14.9,1.0,0.5,3.98,0.0,1.0,23.88,2.5,0.0
2,2024-01-01 01:49:26,2024-01-01 02:08:12,1,7.85,1,N,231,14,1,33.1,1.0,0.5,40.0,6.94,1.0,85.04,2.5,0.0
2,2024-01-01 01:01:00,2024-01-01 01:10:28,1,1.0,1,N,162,137,1,10.0,1.0,0.5,3.0,0.0,1.0,18.0,2.5,0.0
2,2024-01-01 01:58:42,2024-01-01 02:31:50,1,3.08,1,N,48,113,1,28.2,1.0,0.5,4.98,0.0,1.0,38.18,2.5,0.0
2,2024-01-01 01:25:52,2024-01-01 01:31:51,2,1.18,1,N,164,113,1,7.9,1.0,0.5,2.58,0.0,1.0,15.48,2.5,0.0
2,2024-01-01 01:37:54,2024-01-01 01:50:48,1,1.37,1,N,113,148,1,12.8,1.0,0.5,1.0,0.0,1.0,18.8,2.5,0.0
2,2024-01-01 01:48:56,2024-01-01 02:00:30,2,3.65,1,N,79,87,1,17.7,1.0,0.5,4.54,0.0,1.0,27.24,2.5,0.0
2,2024-01-01 01:41:41,2024-01-01 02:03:47,1,5.36,1,N,234,263,1,27.5,1.0,0.5,6.5,0.0,1.0,39.0,2.5,0.0
2,2024-01-01 01:21:07,2024-01-01 01:34:43,1,3.87,1,N,161,74,1,18.4,1.0,0.5,5.0,0.0,1.0,28.4,2.5,0.0
2,2024-01-01 01:11:34,2024-01-01 01:24:55,3,2.24,1,N,263,161,2,14.9,1.0,0.5,0.0,0.0,1.0,19.9,2.5,0.0
2,2024-01-01 01:30:02,2024-01-01 01:56:26,1,3.34,1,N,161,211,1,24.0,1.0,0.5,0.0,0.0,1.0,29.0,2.5,0.0
2,2024-01-01 01:59:08,2024-01-01 02:05:08,3,1.21,1,N,125,79,1,7.9,1.0,0.5,2.58,0.0,1.0,15.48,2.5,0.0
2,2024-01-01 01:26:48,2024-01-01 01:39:49,2,1.35,1,N,249,231,1,12.8,1.0,0.5,3.56,0.0,1.0,21.36,2.5,0.0
2,2024-01-01 01:41:42,2024-01-01 02:02:32,2,6.91,1,N,231,233,1,32.4,1.0,0.5,7.48,0.0,1.0,44.88,2.5,0.0
2,2024-01-01 01:09:10,2024-01-01 01:15:40,1,1.26,1,N,239,263,1,9.3,1.0,0.5,2.0,0.0,1.0,16.3,2.5,0.0
2,2024-01-01 01:17:19,2024-01-01 01:34:28,1,4.34,1,N,263,164,1,21.9,1.0,0.5,1.0,0.0,1.0,27.9,2.5,0.0
2,2024-01-01 01:35:18,2024-01-01 01:44:08,1,1.27,1,N,164,79,1,10.0,1.0,0.5,1.0,0.0,1.0,16.0,2.5,0.0
2,2024-01-01 01:44:56,2024-01-01 01:56:14,1,4.48,1,N,79,88,1,19.8,1.0,0.5,4.96,0.0,1.0,29.76,2.5,0.0
2,2024-01-01 01:12:17,2024-01-01 01:35:37,3,3.29,1,N,144,246,1,23.3,1.0,0.5,5.66,0.0,1.0,33.96,2.5,0.0
2,2024-01-01 01:44:43,2024-01-01 02:28:17,3,11.78,1,N,68,200,1,60.4,1.0,0.5,16.35,0.0,1.0,81.75,2.5,0.0
2,2024-01-01 01:05:05,2024-01-01 01:18:06,1,1.23,1,N,186,137,2,12.1,1.0,0.5,0.0,0.0,1.0,17.1,2.5,0.0
2,2024-01-01 01:23:33,2024-01-01 01:30:03,1,0.74,1,N,137,233,2,7.9,1.0,0.5,0.0,0.0,1.0,12.9,2.5,0.0
2,2024-01-01 01:43:40,2024-01-01 01:55:28,1,2.18,1,N,161,263,1,13.5,1.0,0.5,3.0,0.0,1.0,21.5,2.5,0.0
2,2024-01-01 01:59:59,2024-01-01 02:09:08,1,2.18,1,N,263,233,1,11.4,1.0,0.5,3.28,0.0,1.0,19.68,2.5,0.0
2,2024-01-01 01:17:20,2024-01-01 01:38:00,1,4.26,1,N,161,41,1,23.3,1.0,0.5,5.66,0.0,1.0,33.96,2.5,0.0
2,2024-01-01 01:04:44,2024-01-01 01:18:32,2,2.24,1,N,229,113,1,14.9,1.0,0.5,3.98,0.0,1.0,23.88,2.5,0.0
2,2024-01-01 01:21:01,2024-01-01 01:43:50,1,3.86,1,N,113,236,1,24.0,1.0,0.5,2.5,0.0,1.0,31.5,2.5,0.0
2,2024-01-01 01:48:18,2024-01-01 01:55:28,1,1.5,1,N,263,229,1,9.3,1.0,0.5,2.0,0.0,1.0,16.3,2.5,0.0
1,2024-01-01 01:13:02,2024-01-01 01:35:09,2,2.9,1,N,137,140,1,20.5,3.5,0.5,5.1,0.0,1.0,30.6,2.5,0.0
2,2024-01-01 01:16:27,2024-01-01 01:34:48,1,3.53,1,N,50,263,1,20.5,1.0,0.5,5.1,0.0,1.0,30.6,2.5,0.0
2,2024-01-01 01:46:48,2024-01-01 02:03:11,1,2.39,1,N,162,224,1,16.3,1.0,0.5,0.0,0.0,1.0,21.3,2.5,0.0
1,2024-01-01 01:10:00,2024-01-01 01:19:18,2,1.0,1,N,79,107,2,10.0,3.5,0.5,0.0,0.0,1.0,15.0,2.5,0.0
1,2024-01-01 01:25:26,2024-01-01 01:56:55,2,12.0,1,N,107,257,2,49.2,3.5,0.5,0.0,0.0,1.0,54.2,2.5,0.0
2,2024-01-01 01:30:30,2024-01-01 01:53:29,1,3.22,1,N,236,137,1,21.9,1.0,0.5,0.0,0.0,1.0,26.9,2.5,0.0
2,2024-01-01 01:59:53,2024-01-01 02:03:31,2,0.84,1,N,107,79,1,6.5,1.0,0.5,2.3,0.0,1.0,13.8,2.5,0.0
1,2024-01-01 01:15:35,2024-01-01 01:31:48,1,2.8,1,N,229,238,1,15.6,3.5,0.5,1.0,0.0,1.0,21.6,2.5,0.0
1,2024-01-01 01:33:33,2024-01-01 01:37:57,1,0.8,1,N,239,143,1,6.5,3.5,0.5,2.9,0.0,1.0,14.4,2.5,0.0
1,2024-01-01 01:39:32,2024-01-01 02:16:17,1,8.3,1,N,143,40,1,38.0,3.5,0.5,12.5,6.94,1.0,62.44,2.5,0.0
1,2024-01-01 01:17:40,2024-01-01 01:47:25,1,7.4,1,N,48,129,2,36.6,3.5,0.5,0.0,0.0,1.0,41.6,2.5,0.0
2,2024-01-01 01:52:47,2024-01-01 01:57:42,1,1.1,1,N,141,229,1,7.2,1.0,0.5,2.44,0.0,1.0,14.64,2.5,0.0
1,2024-01-01 01:49:54,2024-01-01 01:57:15,1,1.1,1,N,50,246,2,7.9,3.5,0.5,0.0,0.0,1.0,12.9,2.5,0.0
2,2024-01-01 01:09:58,2024-01-01 01:22:25,1,0.6,1,N,237,163,1,11.4,1.0,0.5,3.28,0.0,1.0,19.68,2.5,0.0
2,2024-01-01 01:24:05,2024-01-01 01:35:13,1,1.88,1,N,163,141,1,12.8,1.0,0.5,3.56,0.0,1.0,21.36,2.5,0.0
2,2024-01-01 01:37:48,2024-01-01 01:47:36,1,1.82,1,N,141,239,1,11.4,1.0,0.5,1.6,0.0,1.0,18.0,2.5,0.0
2,2024-01-01 01:51:03,2024-01-01 02:12:28,1,3.46,1,N,239,68,2,22.6,1.0,0.5,0.0,0.0,1.0,27.6,2.5,0.0
2,2024-01-01 01:08:14,2024-01-01 01:09:19,2,0.09,1,N,144,148,2,3.7,1.0,0.5,0.0,0.0,1.0,8.7,2.5,0.0
2,2024-01-01 01:27:58,2024-01-01 01:28:06,1,0.0,5,N,223,223,1,49.0,0.0,0.0,10.0,0.0,1.0,60.0,0.0,0.0
1,2024-01-01 01:09:05,2024-01-01 01:18:32,1,0.8,1,N,68,186,1,10.0,3.5,0.5,0.0,0.0,1.0,15.0,2.5,0.0
1,2024-01-01 01:20:28,2024-01-01 01:52:01,3,5.4,1,N,186,151,2,32.4,3.5,0.5,0.0,0.0,1.0,37.4,2.5,0.0
1,2024-01-01 01:58:27,2024-01-01 02:07:33,2,2.4,1,N,238,48,1,12.8,3.5,0.5,3.55,0.0,1.0,21.35,2.5,0.0
2,2024-01-01 01:29:36,2024-01-01 01:40:07,1,1.06,1,N,233,233,1,10.7,1.0,0.5,1.5,0.0,1.0,17.2,2.5,0.0
2,2024-01-01 01:43:16,2024-01-01 01:54:09,1,1.97,1,N,233,140,1,12.1,1.0,0.5,2.25,0.0,1.0,19.35,2.5,0.0
2,2024-01-01 01:22:05,2024-01-01 01:33:29,1,1.99,1,N,211,164,2,12.8,1.0,0.5,0.0,0.0,1.0,17.8,2.5,0.0